feature,importance
area_m2,0.48158336511270594
district_ppm2_median,0.19354216685271977
city_ppm2_median,0.09280370763793602
ratio_surface_chambres,0.07740162928221207
district_enc,0.0372358829729247
price_per_m2_city,0.03479331598361256
city_price_median,0.03195903022800619
bathrooms,0.016340216409538207
city_count,0.010822930928288515
city_enc,0.00956735685928841
city_area_median,0.008635929327848447
bedrooms,0.0053144684049191565
property_type_enc,0.0
